{
    "items": [
        {
            "Name": "Map",
            "TextColor": {
                "r": 1.0,
                "g": 0.7157988548278809,
                "b": 0.0,
                "a": 1.0
            },
            "FontSize": 12,
            "FontStyle": 1,
            "ImageColor": {
                "r": 1.0,
                "g": 0.7176470756530762,
                "b": 0.0,
                "a": 1.0
            },
            "ImageType": 1
        },
        {
            "Name": "Camera",
            "TextColor": {
                "r": 0.49803924560546877,
                "g": 0.8392157554626465,
                "b": 0.988235354423523,
                "a": 1.0
            },
            "FontSize": 12,
            "FontStyle": 1,
            "ImageColor": {
                "r": 0.49803924560546877,
                "g": 0.8392157554626465,
                "b": 0.988235354423523,
                "a": 1.0
            },
            "ImageType": 1
        },
        {
            "Name": "Obj",
            "TextColor": {
                "r": 0.41637372970581057,
                "g": 0.9622641801834106,
                "b": 0.38581347465515139,
                "a": 1.0
            },
            "FontSize": 12,
            "FontStyle": 1,
            "ImageColor": {
                "r": 0.41960784792900088,
                "g": 0.9647058844566345,
                "b": 0.38823530077934267,
                "a": 1.0
            },
            "ImageType": 1
        }
    ]
}